nodes,time
6164, 544.368967
8192, 458.176809
9400, 436.621317